{"6vPoFw92L1EcCOV5lhlwzg==":"mobile-1074x300.jpg","BE0Bv3ai2rzRoLB1099Pcg==":"mbr-1920x1275.jpg","eBLShUBpVJayrHjBc0dB/w==":"mobile-2-900x400.jpg","xNXOIH2pk5wXuYC96Bbxdg==":"32665361_10216159430441761_3574367930869088256_o-1014x1149.jpg","rj00gXulcX4YU0gYn9ZWHw==":"contact-1260x837.jpg","NzV8HIdMizGw1jfzN+49KA==":"contact-1-1260x837.jpg","ZWEefCmC2EdVfDjRKGtmsA==":"mobileusage-1-1200x480.jpg","wqsOOQ5c8yg+1hkD+M9W5Q==":"relaymobi-122x41.png","iaIc9zLKM7uZjIDNuIaHUQ==":"about-us-700x300.jpg","NhWQ9rVavjgiYHWJK1VKew==":"cache-652920-1787x627.jpg","E+p62bODu6J3OE3oUniQvQ==":"mobile_ad_networks_guide-2018-2000x1333.jpg","7HFTnbrButsVQZT8b9hguw==":"about-us%20(1)-1500x500.jpg","6KKYeYKloQtrMewvwAaVRg==":"rohit-240x256.jpg","ZRx+hZ0lWLbZQ5qaZo3sDw==":"pankaj%20upadhyay-240x272.jpg","X9n5DMkj/4f1KyJxZuFjSA==":"kamal%20upadhyay-240x292.jpg","dZxrpZP/k35w2eClf4FZgg==":"adtech-440x148.png","a7sYs6VVJSCnlPTUyI298w==":"mobipuff-180x33.png","o9PxVyhr6+yLNZA6i6bsmQ==":"38212384_1150220938451670_8213893596596666368_n-400x405.jpg","aBLJc4tYF4FtCcBcXlQ4hQ==":"38212384_1150220938451670_8213893596596666368_n-1-400x405.jpg","LAzuYlcwEXAtWPoByQvQbQ==":"rohit-400x426.jpg","NVMfd4pbUM4rcX/zZxUOyQ==":"kamal%20upadhyay-400x486.jpg","a6ChcaiSiidLlVzqhD1DMg==":"phone-612061-2000x1416.jpg","mrwqD396/IxNlD61c8FPVg==":"notepad-117597-1280-650x692.png","FGq2DW/VSfy2rdsQ7Oq0zw==":"e-advertiser-logo-800x600.jpg","LrwjsrCI9Afxqg/2d32bGA==":"business-2082639-1920x1080.jpg","cwM/hrI7bTGLbRUgIF4wdA==":"hands-1167618-1920-1920x1099.jpg","IMf/gU6RDJL40PXooe/s5A==":"texture-1852198-2000x1250.png","7VBgmsDSCuH/HMW7Zwds3A==":"background-image-3326841-1920-1357x1920.jpg","HPwmIvy/FUi0fTlCiz5y5Q==":"background-1574176-2000x891.jpg","QplUlzfz1vCEe5YHmrYrog==":"banner-1989514-1920-1920x804.png","ALqZF8E2eWk2HoFyEJUigg==":"purple-wallpaper-752886-2000x1429.jpg","6qGUxV1m2QuI7iOfWl9mTQ==":"color-2174050-1920x1280.png","5R1GQ3cDYqKuytdMYFmPxA==":"marketing-1466315-1920-1200x800.jpg","N9305l+Vn7nL4kS0iK9DGg==":"marketing-1466313-640-640x426.jpg","ne24G2CD7wN5M+gW7fvKhw==":"marketing-1466315-640-640x426.jpg","238psdp4HuAcWRXyNfv5ug==":"cloud-2791434-1920-1200x800.jpg","MLOxg/54WfTu80m5YcBN7w==":"cloud-2791434-1921-1200x800.jpg","5FKLrVkbvIEFOvgub2b6dw==":"website-3374825-1200x800.jpg","sq1YJStvYsCTvn9Uj0u/SQ==":"business-close-up-commerce-266176-1172x959.jpg","8HvshRfZJBEJZaq7OTGZhA==":"business-close-up-commerce-266177-1172x959.jpg","Pp3hYIKLk6Vpw2pI3zuKyg==":"marketing-1466315-640-314x209.jpg","8TuuUnGp+U39QiX6TlVLpw==":"website-3374825-400x267.jpg","xbA03fgVOeVw+HRlLhp1Qg==":"cloud-2791434-1920-312x200.jpg","E5LDYZ2wh6st+Lu0oiUjew==":"kkk.gif","MF1ZGVRgn42xhdLPMXTB3g==":"output-onlinepngtools-400x400.png","M0Ol8zfzxPTmMOPK1Jfnvw==":"output-onlinepngtools%20(1)-300x300.png","alUJFeMJS/KiKCMIndmIQw==":"watercolour-1325656-1920-1920x1280.jpg","LadzqyZjgNk7rC/BT7UkmQ==":"banner-935470-2000x628.jpg","Zl2yw7tKuCSUX2UGsqFxUA==":"business-2089533-1920-1920x1222.jpg","eZjrHiip6rnNWRp2ZGOTYw==":"digital-marketing-1563467-2000x2000.png","n4gTQ2KChWmfJlzIN0GhQw==":"digital-marketing-1563467-902x902.png","/X2hIhMWUwzuTe7F3fJsHw==":"webdesign-3411373-640-432x423.jpg","8Ayz4lq/gVvEo4SpTK4jvw==":"smart-home-3148026-1920-428x336.jpg","zqj86UBChDBNeOFdBENSnw==":"flowers-2082136-1920-1920x884.png","MK81A/eK5Dcsh9hVi+NOOg==":"background-texture-2635740-1920-1920x1360.jpg","wbYIGT6cua7Oll9hNcDMew==":"blue-1716030-1920-1920x1624.jpg","2ai00sb79lfGhTETdMXxFA==":"texture-1444067-1920-1920x1366.jpg","46/VpnSDc8Dy/dEfQxsrzw==":"texture-1444067-1921-1920x1366.jpg","fqSB65PUv/7oPGRkydVIMA==":"wallpaper-1614874-1920-1920x1263.jpg","NRRCnsw3oMPmCVqTpKOvcA==":"wave-64170-1920-1920x1357.jpg","vMmxwIGZiZ4Rb1Rj5lgHqg==":"frame-2486574-1920-1920x1357.png","XAT+ywzMSioM5tsNzioF3Q==":"background-3301487-1920-1920x1440.jpg","LOfZTJ/YfldThrAFmZvmhw==":"blue-2384333-1920-1920x1080.png","Cttmu1T5YSi4tExOdaQbHA==":"sky-319546-1920-1920x1020.png","XSW6ESP05bEiYY9sDUGKUg==":"texture-1457346-2000x1424.jpg","Nxyr7sHyv7BXxms8skeSCg==":"logo-yeahmobi%20(1)-2319x709.png","upFBYCPJrfrV9rk227gTHQ==":"paytm_logo-675x225.png","oEJlFpF38i09RO2/9FKaxA==":"1519128606.17_logo_cmp%20group-720x75.png","t8n/dbMqP8TCEYVGHz54hw==":"billymobile_logo-1024x539.png","Gw1ts54L05Z2/+5H+FyubQ==":"avazu-logo-en-404x122.png","GRfmsFMS+VGXqe36gpz+eg==":"shemaroo%20logo-292x150.jpg","xWvT2jKyuH34/7E9vhzdHQ==":"output-onlinepngtools%20(2)-292x150.png","21xIBvXSpWZ3pLJ/n5Lr1w==":"output-onlinepngtools%20(3)-2006x909.png","x9SaSOU7TlrZLjzdhMRVsw==":"qr-code-156717-1280-856x747.png","kz6ekKnqtPJ7czlhK6a5zg==":"background-2549400-1920-1920x1535.jpg","P/iSfYvz3nCfyp3hCXWEFQ==":"background-texture-2110722-1920-1920x1280.jpg","NZWy9t4PWMzgo+gKq2GOiA==":"modern-2721466-1920-1920x1920.jpg","jtj5n4e5P+HFiCXIXbWb2A==":"pink-970854-1920-1920x1920.jpg","6uN+xzbZYYKWk7o1sW7RuA==":"cmp%20couplings%20logo-722x280.png","UTo3sIBmqIMndRjTNUjwCQ==":"pink-2160666-1920-1920x1280.jpg","Xpm/RZ9YndOSk8+qPgEGfw==":"logo-500x500.png","uBpAxsHW6ZTtUMpUXFYUag==":"logo-235x235.png","4L9cuBZl9J5GFLzQFdBM5Q==":"logo-1-235x235.png","WgJvRJsEZ/Px2vMAL3D8ZQ==":"logo%20-%20copy-235x235.jpg","8igl2cwTmVAwV7zdCGPTDA==":"bubbles-1968272-1920-1920x1920.png","X/LcFNDCpfX5HZWhRdXLvg==":"bubbles-1985149-1920-1920x1920.png","bp3a/pO2gqD+XYQk2coMXg==":"mobile-devices-2017978-1280-1280x640.png","Ppv7J/9BkLkBTfnzVpdMOQ==":"digital-marketing-1527799-1920-1920x710.png","pa5Dkwo/T1qgW/t0h+fQvA==":"background5.jpg","9wsYNsFkxdmqmNSQqHMhDA==":"pink-2721470-1280-1280x1280.jpg","m2ktKdScO4JFwGCllKKX3Q==":"pink-leather-2001739-1920-1920x1276.jpg","1YsgMyZ4vPxqsQHruacZvA==":"digital-marketing-1433427-1920-1920x1281.jpg","z6i11HQVBmyWhURtWjNKXQ==":"mobile-3-900x400.jpg","kr2mZOnS43lT1h+yy34edQ==":"mobileusage-2-1200x480.jpg","Wj/AWVtyf3rteThE1w31zQ==":"32665361_10216159430441761_3574367930869088256_o-400x453.jpg","IYXiRnrbZXN2wQPzuFMKlA==":"img-9879-400x463.jpg","5R2ivZwE7pgGWTcscjLkEQ==":"megaphone-3927483-1920-1920x1114.jpg","+KDYuj7DADU7kreEWq7sSQ==":"manisha-400x405.jpg","UvJjoM2rqrnbQjSL6FbJKQ==":"kamal-400x477.jpg","3b8BiazHW9c9J5yGaVrkIg==":"manoj-400x412.jpg","JMQwgcIGMziPwuM0fCpw6w==":"rohit-400x440.jpg","MUq0bOlR3eUfxYGwCEYPTw==":"paytm_logo-314x105.png","C4hVQRIMLroetVBNGT/8Sw==":"avazu_logo-314x95.png","F8DA7v53eB1XrBT0fW5B+w==":"billy_logo-314x165.png","83wkbP4JwHDAbaQxLd4ewQ==":"spuul_logo-314x142.png","dqVCqdLTjiCJWuKxEFSn/Q==":"yeahmobi_logo-314x96.png","iUluNwppCNeqK21r2JPVyg==":"shemaroo_logo-314x161.png","yo8+56CQyNDvEWSfNOADAQ==":"publisher-400x400.png","lrsVcLPFlaDBkJ/hRUItdg==":"lumn-2000x1333.jpg","mV0hFwzryzPc0rUkOvUN9g==":"digital-marketing-1725340-1920-1920x1279.jpg","nRfjNEBFA8jqpbaMzeEehQ==":"nicole-2000x1500.jpg","7lS4OP3/A0itSAT67H0xyA==":"pinkd-2000x1333.jpg","KhVkC1RSW2e/l2Ldk8TCZg==":"mccut-2000x1333.jpg","EkGrsmUaRUNj0oZh23JsSA==":"puna-2000x1333.jpg","3Ug1l7AxkE6Gm+dPeBuhSA==":"rawpixel-570912-unsplash-2000x1163.jpg","vnFwLWNFL/ikkJ2F3eMjAQ==":"igor-miske-207639-unsplash-2000x1155.jpg","G/WrT4Q6PvPkiaG0Z4jGNA==":"rawpixel-579231-unsplash-2000x1335.jpg","gVKl0FAIBkdwLT2s87h0eg==":"team-1920x1200.png","xZEJu9ybVNKunuETY5SFdw==":"background-3084012-1920-1920x1920.jpg","VJpo8/VtPE0dT0sIhkIZTg==":"ad-1024x595.jpg","t/ArXK0wuBIYUdAUiyZhkA==":"annie-spratt-695501-unsplash-2000x1291.jpg","PlN7gYB6M9N5D8G0yzTt7Q==":"pink-757868-1920-1920x1920.jpg"}